use FinalProject_Group15;


-- ALTER TABLE Orders.Order_Details
-- drop CONSTRAINT Order_ID

Insert into Orders.Order_Details (Order_ID, Product_ID, Seller_ID, Price_Per_Unit, Quantity, Tax_Amount, Invoice_Status, Create_Date, Processing_Date, Total_Price)
values (1,1,1,100,100,20,'complete','2022-08-02 00:01:32.640', '2022-08-02 00:01:41.787')
Insert into Orders.Order_Details (Order_ID, Product_ID, Seller_ID, Price_Per_Unit, Quantity, Tax_Amount, Invoice_Status, Create_Date, Processing_Date, Total_Price)
values (2,2,2,200,200,20,'complete','2022-08-03 00:01:32.640', '2022-08-03 00:01:41.787')
Insert into Orders.Order_Details (Order_ID, Product_ID, Seller_ID, Price_Per_Unit, Quantity, Tax_Amount, Invoice_Status, Create_Date, Processing_Date, Total_Price)
values (3,2,2,200,200,20,'complete','2022-08-02 00:01:32.640', '2022-08-02 00:01:41.787')
Insert into Orders.Order_Details (Order_ID, Product_ID, Seller_ID, Price_Per_Unit, Quantity, Tax_Amount, Invoice_Status, Create_Date, Processing_Date, Total_Price)
values (4,2,2,200,200,20,'complete','2022-08-03 00:01:32.640', '2022-08-03 00:01:41.787')
Insert into Orders.Order_Details (Order_ID, Product_ID, Seller_ID, Price_Per_Unit, Quantity, Tax_Amount, Invoice_Status, Create_Date, Processing_Date, Total_Price)
values (5,2,2,200,200,20,'complete','2022-08-04 00:01:32.640', '2022-08-04 00:01:41.787')
Insert into Orders.Order_Details (Order_ID, Product_ID, Seller_ID, Price_Per_Unit, Quantity, Tax_Amount, Invoice_Status, Create_Date, Processing_Date, Total_Price)
values (6,2,2,200,200,20,'complete','2022-08-05 00:01:32.640', '2022-08-05 00:01:41.787')
Insert into Orders.Order_Details (Order_ID, Product_ID, Seller_ID, Price_Per_Unit, Quantity, Tax_Amount, Invoice_Status, Create_Date, Processing_Date, Total_Price)
values (7,2,2,200,200,20,'complete','2022-08-06 00:01:32.640', '2022-08-06 00:01:41.787')
Insert into Orders.Order_Details (Order_ID, Product_ID, Seller_ID, Price_Per_Unit, Quantity, Tax_Amount, Invoice_Status, Create_Date, Processing_Date, Total_Price)
values (8,2,2,200,200,20,'complete','2022-08-07 00:01:32.640', '2022-08-07 00:01:41.787')
Insert into Orders.Order_Details (Order_ID, Product_ID, Seller_ID, Price_Per_Unit, Quantity, Tax_Amount, Invoice_Status, Create_Date, Processing_Date, Total_Price)
values (9,2,2,200,200,20,'complete','2022-08-08 00:01:32.640', '2022-08-08 00:01:41.787')
Insert into Orders.Order_Details (Order_ID, Product_ID, Seller_ID, Price_Per_Unit, Quantity, Tax_Amount, Invoice_Status, Create_Date, Processing_Date, Total_Price)
values (10,2,2,200,200,20,'complete','2022-08-09 00:01:32.640', '2022-08-09 00:01:41.787')


-- Alter table Orders.Order_Details Add Constraint Order_ID Foreign key(Order_ID) references Orders.Order_Master(Order_ID)



Insert into Orders.Order_Master (Order_ID, Customer_ID, Payment_Mode, Transaction_ID, Order_Date, Order_Status, Create_Date, Processing_Date)
values (1,2,'online',21,'2022-08-01','complete','2022-08-01 23:59:58.633', '2022-08-02 00:00:05.880')
Insert into Orders.Order_Master (Order_ID, Customer_ID, Payment_Mode, Transaction_ID, Order_Date, Order_Status, Create_Date, Processing_Date)
values (2,2,'online',22,'2022-08-01','complete','2022-08-03 00:01:32.640', '2022-08-03 00:01:41.787')
Insert into Orders.Order_Master (Order_ID, Customer_ID, Payment_Mode, Transaction_ID, Order_Date, Order_Status, Create_Date, Processing_Date)
values (3,2,'online',23,'2022-08-02','inprogress','2022-08-02 00:01:32.640', '2022-08-02 00:01:41.787')
Insert into Orders.Order_Master (Order_ID, Customer_ID, Payment_Mode, Transaction_ID, Order_Date, Order_Status, Create_Date, Processing_Date)
values (4,2,'online',24,'2022-08-03','complete','2022-08-03 00:01:32.640', '2022-08-03 00:01:41.787')
Insert into Orders.Order_Master (Order_ID, Customer_ID, Payment_Mode, Transaction_ID, Order_Date, Order_Status, Create_Date, Processing_Date)
values (5,2,'online',25,'2022-08-04','inprogress','2022-08-04 00:01:32.640', '2022-08-04 00:01:41.787')
Insert into Orders.Order_Master (Order_ID, Customer_ID, Payment_Mode, Transaction_ID, Order_Date, Order_Status, Create_Date, Processing_Date)
values (6,2,'online',26,'2022-08-05','complete','2022-08-05 00:01:32.640', '2022-08-05 00:01:41.787')
Insert into Orders.Order_Master (Order_ID, Customer_ID, Payment_Mode, Transaction_ID, Order_Date, Order_Status, Create_Date, Processing_Date)
values (7,2,'online',27,'2022-08-06','complete','2022-08-06 00:01:32.640', '2022-08-06 00:01:41.787')
Insert into Orders.Order_Master (Order_ID, Customer_ID, Payment_Mode, Transaction_ID, Order_Date, Order_Status, Create_Date, Processing_Date)
values (8,2,'offline',28,'2022-08-07','inprogress','2022-08-07 00:01:32.640', '2022-08-07 00:01:41.787')
Insert into Orders.Order_Master (Order_ID, Customer_ID, Payment_Mode, Transaction_ID, Order_Date, Order_Status, Create_Date, Processing_Date)
values (9,2,'offline',29,'2022-08-08','complete','2022-08-08 00:01:32.640', '2022-08-08 00:01:41.787')
Insert into Orders.Order_Master (Order_ID, Customer_ID, Payment_Mode, Transaction_ID, Order_Date, Order_Status, Create_Date, Processing_Date)
values (10,2,'offline',30,'2022-08-01','inprogress','2022-08-09 00:01:32.640', '2022-08-09 00:01:41.787')



INSERT into Customer.Customer_Address  (Customer_ID, Address_Type, Flat_No, Street_Name, City, Pin_Code, Create_Date, Proc_date) 
values (2,'Home','32','Stephen','Boston','02119','2022-08-01 23:52:52.697','2022-08-01 23:52:30.693')
INSERT into Customer.Customer_Address  (Customer_ID, Address_Type, Flat_No, Street_Name, City, Pin_Code, Create_Date, Proc_date) 
values (2,'Office','15','Milk','Boston','02110','2022-08-01 23:52:52.695','2022-08-01 23:52:30.698')
INSERT into Customer.Customer_Address  (Customer_ID, Address_Type, Flat_No, Street_Name, City, Pin_Code, Create_Date, Proc_date) 
values (2,'Home','372','Boylston','Boston','02115','2022-08-01 23:52:52.693','2022-08-01 23:52:30.696')
INSERT into Customer.Customer_Address  (Customer_ID, Address_Type, Flat_No, Street_Name, City, Pin_Code, Create_Date, Proc_date) 
values (2,'Office','330','Huntington Ave','Boston','02115','2022-08-02 23:52:52.696','2022-08-02 23:52:30.695')
INSERT into Customer.Customer_Address  (Customer_ID, Address_Type, Flat_No, Street_Name, City, Pin_Code, Create_Date, Proc_date) 
values (2,'Home','2747','Washington','Boston','02119','2022-08-02 23:52:52.698','2022-08-02 23:52:30.691')
INSERT into Customer.Customer_Address  (Customer_ID, Address_Type, Flat_No, Street_Name, City, Pin_Code, Create_Date, Proc_date) 
values (3,'Office','727','Warren','Boston','02119','2022-08-02 23:52:52.699','2022-08-02 23:52:30.698')
INSERT into Customer.Customer_Address  (Customer_ID, Address_Type, Flat_No, Street_Name, City, Pin_Code, Create_Date, Proc_date) 
values (3,'Home','301','Newbury','Boston','02116','2022-08-02 23:52:52.691','2022-08-02 23:52:30.694')
INSERT into Customer.Customer_Address  (Customer_ID, Address_Type, Flat_No, Street_Name, City, Pin_Code, Create_Date, Proc_date) 
values (4,'Office','1','Place','Boston','02108','2022-08-03 23:52:52.692','2022-08-03 23:52:30.695')
INSERT into Customer.Customer_Address  (Customer_ID, Address_Type, Flat_No, Street_Name, City, Pin_Code, Create_Date, Proc_date) 
values (4,'Home','65','Bolyston','Boston','02115','2022-08-03 23:52:52.691','2022-08-03 23:52:30.692')



insert into Customer.Customer_Base (Customer_First_Name, Customer_Last_Name, Birth_Date, Gender, Mail_ID, Phone_Number,[User_Name], [Password], Create_Date, Processing_Date)
values ('Ashish','Sharma','1999-10-23','M','ash27@gmail.com','8550099010','ash','sharma','2022-08-01 23:50:53.190','2022-08-01 23:50:53.190')
insert into Customer.Customer_Base (Customer_First_Name, Customer_Last_Name, Birth_Date, Gender, Mail_ID, Phone_Number,[User_Name], [Password], Create_Date, Processing_Date)
values ('Chandler','Bing','1997-09-22','M','bing29@gmail.com','8554222222','chandler','bing','2022-08-01 23:50:53.190','2022-08-01 23:50:53.190')
insert into Customer.Customer_Base (Customer_First_Name, Customer_Last_Name, Birth_Date, Gender, Mail_ID, Phone_Number,[User_Name], [Password], Create_Date, Processing_Date)
values ('Rachel','Go','1996-03-25','F','rach010@gmail.com','8554011110','rachel','go','2022-08-01 23:50:53.190','2022-08-01 23:50:53.190')
insert into Customer.Customer_Base (Customer_First_Name, Customer_Last_Name, Birth_Date, Gender, Mail_ID, Phone_Number,[User_Name], [Password], Create_Date, Processing_Date)
values ('Tyler','King','1998-02-19','M','tyler99@gmail.com','8554500010','tyler','king','2022-08-01 23:50:53.190','2022-08-01 23:50:53.190')
insert into Customer.Customer_Base (Customer_First_Name, Customer_Last_Name, Birth_Date, Gender, Mail_ID, Phone_Number,[User_Name], [Password], Create_Date, Processing_Date)
values ('Rebecca','Mole','1998-05-01','F','reb04@gmail.com','8554540001','rebecca','mole','2022-08-01 23:50:53.190','2022-08-01 23:50:53.190')
insert into Customer.Customer_Base (Customer_First_Name, Customer_Last_Name, Birth_Date, Gender, Mail_ID, Phone_Number,[User_Name], [Password], Create_Date, Processing_Date)
values ('Ross','Geller','1999-06-05','M','ross559@gmail.com','8554559999','ross','geller','2022-08-01 23:50:53.190','2022-08-01 23:50:53.190')
insert into Customer.Customer_Base (Customer_First_Name, Customer_Last_Name, Birth_Date, Gender, Mail_ID, Phone_Number,[User_Name], [Password], Create_Date, Processing_Date)
values ('Jake','Shea','1997-06-10','M','jake11@gmail.com','8554550001','jake','shea','2022-08-01 23:50:53.190','2022-08-01 23:50:53.190')
insert into Customer.Customer_Base (Customer_First_Name, Customer_Last_Name, Birth_Date, Gender, Mail_ID, Phone_Number,[User_Name], [Password], Create_Date, Processing_Date)
values ('Tom','Samuel','1996-03-27','M','tom57@gmail.com','8554551111','tom','samuel','2022-08-01 23:50:53.190','2022-08-01 23:50:53.190')
insert into Customer.Customer_Base (Customer_First_Name, Customer_Last_Name, Birth_Date, Gender, Mail_ID, Phone_Number,[User_Name], [Password], Create_Date, Processing_Date)
values ('Kasish','Singh','1999-11-13','M','k11@gmail.com','8574532222','kasish','singh','2022-08-01 23:50:53.190','2022-08-01 23:50:53.190')



insert into Customer.Customer_Card_Detail (Card_Number, Customer_ID, Valid_From, Valid_To, Name_On_Card,Card_Type)
values(13456,'2',2020,2030,'ashishsharma','master');
insert into Customer.Customer_Card_Detail (Card_Number, Customer_ID, Valid_From, Valid_To, Name_On_Card,Card_Type)
values (45622,'2',2023,2024,'chandlerbing','master')
insert into Customer.Customer_Card_Detail (Card_Number, Customer_ID, Valid_From, Valid_To, Name_On_Card,Card_Type)
values (13556,'2',2023,2024,'ashishsharma','master')
insert into Customer.Customer_Card_Detail (Card_Number, Customer_ID, Valid_From, Valid_To, Name_On_Card,Card_Type)
 values (49622,'2',2023,2025,'chandlerbing','master')
insert into Customer.Customer_Card_Detail (Card_Number, Customer_ID, Valid_From, Valid_To, Name_On_Card,Card_Type)
values(56545,'2',2015,2026,'rachelgo','visa')
insert into Customer.Customer_Card_Detail (Card_Number, Customer_ID, Valid_From, Valid_To, Name_On_Card,Card_Type)
 values (84456,'2',2020,2027,'tylerking','master')
insert into Customer.Customer_Card_Detail (Card_Number, Customer_ID, Valid_From, Valid_To, Name_On_Card,Card_Type)
values (11111,'2',2020,2028,'rebeccamole','visa')
insert into Customer.Customer_Card_Detail (Card_Number, Customer_ID, Valid_From, Valid_To, Name_On_Card,Card_Type)
 values (56789,'1',2020,2029,'rossgeller','master')
insert into Customer.Customer_Card_Detail (Card_Number, Customer_ID, Valid_From, Valid_To, Name_On_Card,Card_Type)
values (45667,'1',2021,2030,'jakeshea','visa')
insert into Customer.Customer_Card_Detail (Card_Number, Customer_ID, Valid_From, Valid_To, Name_On_Card,Card_Type)
values (34456,'2',2022,2032,'tomsamuel','master')
insert into Customer.Customer_Card_Detail (Card_Number, Customer_ID, Valid_From, Valid_To, Name_On_Card,Card_Type)
values (23456,'2',2020,2025,'kasishsingh','visa')



insert into Invoice.Invoice_Details (Invoice_Detail_ID, Invoice_ID,Seller_ID,Invoice_Item,Item_Amount,Tax_Amount,Create_Date,Processing_Date)
VALUES (2,2,2,'mango',110,10.0,'2022-07-02 00:15:39.560','2022-07-02 00:15:48.077')
insert into Invoice.Invoice_Details (Invoice_Detail_ID, Invoice_ID,Seller_ID,Invoice_Item,Item_Amount,Tax_Amount,Create_Date,Processing_Date)
VALUES (3,3,2,'mango',1010,10.0,'2022-06-06 00:15:39.560','2022-06-06 00:15:48.077')
insert into Invoice.Invoice_Details (Invoice_Detail_ID, Invoice_ID,Seller_ID,Invoice_Item,Item_Amount,Tax_Amount,Create_Date,Processing_Date)
VALUES (4,4,2,'banana',1010,10.0,'2022-08-07 00:15:39.560','2022-08-07 00:15:48.077')
insert into Invoice.Invoice_Details (Invoice_Detail_ID, Invoice_ID,Seller_ID,Invoice_Item,Item_Amount,Tax_Amount,Create_Date,Processing_Date)
VALUES (5,5,2,'water',1000,10.0,'2022-08-04 00:15:39.560','2022-08-04 00:15:48.077')
insert into Invoice.Invoice_Details (Invoice_Detail_ID, Invoice_ID,Seller_ID,Invoice_Item,Item_Amount,Tax_Amount,Create_Date,Processing_Date)
VALUES (6,6,2,'melon',10000,10.0,'2022-08-03 00:15:39.560','2022-08-03 00:15:48.077')
insert into Invoice.Invoice_Details (Invoice_Detail_ID, Invoice_ID,Seller_ID,Invoice_Item,Item_Amount,Tax_Amount,Create_Date,Processing_Date)
VALUES (7,7,2,'cucumber',100,10.0,'2022-08-02 00:15:39.560','2022-08-02 00:15:48.077')
insert into Invoice.Invoice_Details (Invoice_Detail_ID, Invoice_ID,Seller_ID,Invoice_Item,Item_Amount,Tax_Amount,Create_Date,Processing_Date)
VALUES (8,8,2,'grapes',110,10.0,'2022-08-01 00:15:39.560','2022-08-01 00:15:48.077')
insert into Invoice.Invoice_Details (Invoice_Detail_ID, Invoice_ID,Seller_ID,Invoice_Item,Item_Amount,Tax_Amount,Create_Date,Processing_Date)
VALUES (9,9,2,'straw',12010,10.0,'2022-08-01 00:15:39.560','2022-08-01 00:15:48.077')
insert into Invoice.Invoice_Details (Invoice_Detail_ID, Invoice_ID,Seller_ID,Invoice_Item,Item_Amount,Tax_Amount,Create_Date,Processing_Date)
VALUES (10,10,2,'berry',16010,10.0,'2022-08-02 00:15:39.560','2022-08-02 00:15:48.077')



INSERT into Invoice.Invoice_Master (Invoice_ID,Order_ID,Invoice_Date,Invoice_Amount,Invoice_Status)
VALUES (2,2,'2022-08-10 00:09:33.217',10010.00, 'pending')
INSERT into Invoice.Invoice_Master (Invoice_ID,Order_ID,Invoice_Date,Invoice_Amount,Invoice_Status)
VALUES (3,3,'2022-08-10 00:09:33.217',20020.00, 'complete')
INSERT into Invoice.Invoice_Master (Invoice_ID,Order_ID,Invoice_Date,Invoice_Amount,Invoice_Status)
VALUES (4,4,'2022-08-10 00:09:33.217',24030.00, 'pending')
INSERT into Invoice.Invoice_Master (Invoice_ID,Order_ID,Invoice_Date,Invoice_Amount,Invoice_Status)
VALUES (5,5,'2022-08-10 00:09:33.217',23010.00, 'complete')
INSERT into Invoice.Invoice_Master (Invoice_ID,Order_ID,Invoice_Date,Invoice_Amount,Invoice_Status)
VALUES (6,6,'2022-08-10 00:09:33.217',45010.00, 'pending')
INSERT into Invoice.Invoice_Master (Invoice_ID,Order_ID,Invoice_Date,Invoice_Amount,Invoice_Status)
VALUES (7,7,'2022-08-10 00:09:33.217',45010.00, 'complete')
INSERT into Invoice.Invoice_Master (Invoice_ID,Order_ID,Invoice_Date,Invoice_Amount,Invoice_Status)
VALUES (8,8,'2022-08-10 00:09:33.217',67010.00, 'pending')
INSERT into Invoice.Invoice_Master (Invoice_ID,Order_ID,Invoice_Date,Invoice_Amount,Invoice_Status)
VALUES (9,9,'2022-08-10 00:09:33.217',78010.00, 'complete')
INSERT into Invoice.Invoice_Master (Invoice_ID,Order_ID,Invoice_Date,Invoice_Amount,Invoice_Status)
VALUES (10,10,'2022-08-10 00:09:33.217',13010.00, 'complete')


insert into Invoice.Payment_Master (Payment_ID,Invoice_ID,Transaction_ID,Payment_Date,Payment_Amount,Payment_Status)
values(1,1,'01392hiuebwyhrjef','2022-08-02 00:16:12.247',10010.00,'Complete')
insert into Invoice.Payment_Master (Payment_ID,Invoice_ID,Transaction_ID,Payment_Date,Payment_Amount,Payment_Status)
VALUES (2,2,'01392hiuebwyf','2022-08-02 00:16:12.247',10010.00,'Complete')
insert into Invoice.Payment_Master (Payment_ID,Invoice_ID,Transaction_ID,Payment_Date,Payment_Amount,Payment_Status)
VALUES (3,3,'01392hasgfwyf','2022-08-01 00:16:12.247',145010.00,'Complete')
insert into Invoice.Payment_Master (Payment_ID,Invoice_ID,Transaction_ID,Payment_Date,Payment_Amount,Payment_Status)
VALUES (4,4,'01392hiueasdf','2022-08-02 00:16:12.247',10040.00,'Complete')
insert into Invoice.Payment_Master (Payment_ID,Invoice_ID,Transaction_ID,Payment_Date,Payment_Amount,Payment_Status)
VALUES (5,5,'01392hiuasfwyf','2022-08-03 00:16:12.247',1110.00,'Complete')
insert into Invoice.Payment_Master (Payment_ID,Invoice_ID,Transaction_ID,Payment_Date,Payment_Amount,Payment_Status)
VALUES (6,6,'01392hiuzdxgyf','2022-08-04 00:16:12.247',110.00,'Complete')
insert into Invoice.Payment_Master (Payment_ID,Invoice_ID,Transaction_ID,Payment_Date,Payment_Amount,Payment_Status)
VALUES (7,7,'0123492hebwyf','2022-08-05 00:16:12.247',10010.00,'Complete')
insert into Invoice.Payment_Master (Payment_ID,Invoice_ID,Transaction_ID,Payment_Date,Payment_Amount,Payment_Status)
VALUES (8,8,'01392hbwyf','2022-08-05 00:16:12.247',10010.00,'Complete')
insert into Invoice.Payment_Master (Payment_ID,Invoice_ID,Transaction_ID,Payment_Date,Payment_Amount,Payment_Status)
VALUES (9,9,'0139ebwyf','2022-08-07 00:16:12.247',1000.00,'Complete')
insert into Invoice.Payment_Master (Payment_ID,Invoice_ID,Transaction_ID,Payment_Date,Payment_Amount,Payment_Status)
VALUES (10,10,'01392hebwyf','2022-08-08 00:16:12.247',1010.00,'Complete')




Insert into Orders.Cart_Master (Customer_ID,Product_ID,Cart_Quantity,Cart_Status,Order_Flag,Create_Date,Processing_Date)
values (2,1,100,'empty',2,'2022-08-02 00:04:52.660','2022-08-02 00:05:17.077');
Insert into Orders.Cart_Master (Customer_ID,Product_ID,Cart_Quantity,Cart_Status,Order_Flag,Create_Date,Processing_Date)
values (3,2,200,'empty',2,'2022-08-02 00:04:52.660','2022-08-02 00:05:17.077');
Insert into Orders.Cart_Master (Customer_ID,Product_ID,Cart_Quantity,Cart_Status,Order_Flag,Create_Date,Processing_Date)
values (4,2,300,'full',3,'2022-08-03 00:04:52.660','2022-08-03 00:05:17.077');
Insert into Orders.Cart_Master (Customer_ID,Product_ID,Cart_Quantity,Cart_Status,Order_Flag,Create_Date,Processing_Date)
values (5,2,400,'empty',4,'2022-08-04 00:04:52.660','2022-08-04 00:05:17.077');
Insert into Orders.Cart_Master (Customer_ID,Product_ID,Cart_Quantity,Cart_Status,Order_Flag,Create_Date,Processing_Date)
values (6,2,500,'full',5,'2022-08-05 00:04:52.660','2022-08-05 00:05:17.077');
Insert into Orders.Cart_Master (Customer_ID,Product_ID,Cart_Quantity,Cart_Status,Order_Flag,Create_Date,Processing_Date)
values (7,2,600,'empty',6,'2022-08-06 00:04:52.660','2022-08-06 00:05:17.077');
Insert into Orders.Cart_Master (Customer_ID,Product_ID,Cart_Quantity,Cart_Status,Order_Flag,Create_Date,Processing_Date)
values (8,2,700,'full',7,'2022-08-07 00:04:52.660','2022-08-07 00:05:17.077');
Insert into Orders.Cart_Master (Customer_ID,Product_ID,Cart_Quantity,Cart_Status,Order_Flag,Create_Date,Processing_Date)
values (9,2,800,'full',8,'2022-08-08 00:04:52.660','2022-08-08 00:05:17.077');
Insert into Orders.Cart_Master (Customer_ID,Product_ID,Cart_Quantity,Cart_Status,Order_Flag,Create_Date,Processing_Date)
values (10,2,900,'full',9,'2022-08-06 00:04:52.660','2022-08-06 00:05:17.077');
Insert into Orders.Cart_Master (Customer_ID,Product_ID,Cart_Quantity,Cart_Status,Order_Flag,Create_Date,Processing_Date)
values (11,2,100,'full',10,'2022-08-04 00:04:52.660','2022-08-04 00:05:17.077');




insert into Shipment.Order_Shipment_Master (Order_ID, Customer_ID,Address_ID,Expected_Delivery_Date,Actual_Delivery_Date,Delivery_Status)
values (2,2,1,'2022-08-10 00:06:01.430','2022-08-10 01:06:09.577','Complete')
insert into Shipment.Order_Shipment_Master (Order_ID, Customer_ID,Address_ID,Expected_Delivery_Date,Actual_Delivery_Date,Delivery_Status)
values (3,2,7,'2022-08-01 00:06:01.430','2022-08-01 01:06:09.577','Pending')
insert into Shipment.Order_Shipment_Master (Order_ID, Customer_ID,Address_ID,Expected_Delivery_Date,Actual_Delivery_Date,Delivery_Status)
values (4,3,3,'2022-08-02 00:06:01.430','2022-08-02 01:06:09.577','Complete')
insert into Shipment.Order_Shipment_Master (Order_ID, Customer_ID,Address_ID,Expected_Delivery_Date,Actual_Delivery_Date,Delivery_Status)
values (5,2,4,'2022-08-03 00:06:01.430','2022-08-03 01:06:09.577','Pending')
insert into Shipment.Order_Shipment_Master (Order_ID, Customer_ID,Address_ID,Expected_Delivery_Date,Actual_Delivery_Date,Delivery_Status)
values (8,2,1,'2022-08-06 00:06:01.430','2022-08-06 01:06:09.577','Complete')
insert into Shipment.Order_Shipment_Master (Order_ID, Customer_ID,Address_ID,Expected_Delivery_Date,Actual_Delivery_Date,Delivery_Status)
values (15,2,8,'2022-08-07 00:06:01.430','2022-08-07 01:06:09.577','Pending')
insert into Shipment.Order_Shipment_Master (Order_ID, Customer_ID,Address_ID,Expected_Delivery_Date,Actual_Delivery_Date,Delivery_Status)
values (10,3,1,'2022-08-08 00:06:01.430','2022-08-08 01:06:09.577','Complete')
insert into Shipment.Order_Shipment_Master (Order_ID, Customer_ID,Address_ID,Expected_Delivery_Date,Actual_Delivery_Date,Delivery_Status)
values (6,2,1,'2022-08-04 00:06:01.430','2022-08-04 01:06:09.577','Complete')
insert into Shipment.Order_Shipment_Master (Order_ID, Customer_ID,Address_ID,Expected_Delivery_Date,Actual_Delivery_Date,Delivery_Status)
values (7,2,1,'2022-08-05 00:06:01.430','2022-08-05 01:06:09.577','Pending')



insert into Shipment.Shipment_Details (Shipment_ID,Order_ID,Shipment_Charge,Shipment_Status,Shipment_Delivery_Date,Address_ID,Shipped_Date)
VALUES (1,2,30.40,'fullfilled','2022-08-09 00:07:40.020',2,'2022-08-09 11:07:59.607')
insert into Shipment.Shipment_Details (Shipment_ID,Order_ID,Shipment_Charge,Shipment_Status,Shipment_Delivery_Date,Address_ID,Shipped_Date)
VALUES (2,2,30.40,'fullfilled','2022-08-09 00:07:40.020',2,'2022-08-09 11:07:59.607')
insert into Shipment.Shipment_Details (Shipment_ID,Order_ID,Shipment_Charge,Shipment_Status,Shipment_Delivery_Date,Address_ID,Shipped_Date)
VALUES (3,2,30.40,'fullfilled','2022-08-09 00:07:40.020',3,'2022-08-09 11:07:59.607')
insert into Shipment.Shipment_Details (Shipment_ID,Order_ID,Shipment_Charge,Shipment_Status,Shipment_Delivery_Date,Address_ID,Shipped_Date)
VALUES (4,2,30.40,'Pending','2022-08-04 00:07:40.020',4,'2022-08-04 11:07:59.607')
insert into Shipment.Shipment_Details (Shipment_ID,Order_ID,Shipment_Charge,Shipment_Status,Shipment_Delivery_Date,Address_ID,Shipped_Date)
VALUES (5,4,30.40,'fullfilled','2022-08-05 00:07:40.020',5,'2022-08-05 11:07:59.607')
insert into Shipment.Shipment_Details (Shipment_ID,Order_ID,Shipment_Charge,Shipment_Status,Shipment_Delivery_Date,Address_ID,Shipped_Date)
VALUES (6,5,30.40,'fullfilled','2022-08-06 00:07:40.020',6,'2022-08-06 11:07:59.607')
insert into Shipment.Shipment_Details (Shipment_ID,Order_ID,Shipment_Charge,Shipment_Status,Shipment_Delivery_Date,Address_ID,Shipped_Date)
VALUES (7,6,30.40,'Pending','2022-08-07 00:07:40.020',7,'2022-08-07 11:07:59.607')
insert into Shipment.Shipment_Details (Shipment_ID,Order_ID,Shipment_Charge,Shipment_Status,Shipment_Delivery_Date,Address_ID,Shipped_Date)
VALUES (8,7,30.40,'fullfilled','2022-08-08 00:07:40.020',8,'2022-08-08 11:07:59.607')
insert into Shipment.Shipment_Details (Shipment_ID,Order_ID,Shipment_Charge,Shipment_Status,Shipment_Delivery_Date,Address_ID,Shipped_Date)
VALUES (9,8,30.40,'Pending','2022-08-09 00:07:40.020',9,'2022-08-09 11:07:59.607')
insert into Shipment.Shipment_Details (Shipment_ID,Order_ID,Shipment_Charge,Shipment_Status,Shipment_Delivery_Date,Address_ID,Shipped_Date)
VALUES (10,2,30.40,'fullfilled','2022-08-10 00:07:40.020',10,'2022-08-10 11:07:59.607')

INSERT into Commodity.Commodity_Details (Product_ID, Product_Title, Product_Description, Product_Specification, Product_Unit_Price) 
values (3,'Orange', 'Citrus Fruit', 'Orange', 12.0)
INSERT into Commodity.Commodity_Details (Product_ID, Product_Title, Product_Description, Product_Specification, Product_Unit_Price) 
values (4,'Blueberries', 'High Antioxident', 'Dark Blue', 20.0)
INSERT into Commodity.Commodity_Details (Product_ID, Product_Title, Product_Description, Product_Specification, Product_Unit_Price) 
values (5,'Tomato', 'Actually a fruit', 'Red', 5.0)
INSERT into Commodity.Commodity_Details (Product_ID, Product_Title, Product_Description, Product_Specification, Product_Unit_Price) 
values (6,'Potato', 'High Carbs', 'Brown', 4.0)
INSERT into Commodity.Commodity_Details (Product_ID, Product_Title, Product_Description, Product_Specification, Product_Unit_Price) 
values (7,'Red Onion', 'Good for Salad', 'Whitish-Pink', 11.0)
INSERT into Commodity.Commodity_Details (Product_ID, Product_Title, Product_Description, Product_Specification, Product_Unit_Price) 
values (8,'Banana', 'Tropical fruit', 'Yellow', 7.0)
INSERT into Commodity.Commodity_Details (Product_ID, Product_Title, Product_Description, Product_Specification, Product_Unit_Price) 
values (9,'Grapes', 'Used for Wine', 'Dark Red', 10.0)
INSERT into Commodity.Commodity_Details (Product_ID, Product_Title, Product_Description, Product_Specification, Product_Unit_Price) 
values (10,'Papaya', 'Tropical fruit, High Antioxidents', 'Yellow-Orange', 15.0)


INSERT into Commodity.Commodity_Master (Product_ID, Product_Category, Brand_Name ,Create_Date ,Processing_Date) 
values (2,'Fruits','Walmart','2022-08-01 23:39:13.220', '2022-08-01 23:39:13.220')
INSERT into Commodity.Commodity_Master (Product_ID, Product_Category, Brand_Name ,Create_Date ,Processing_Date) 
values (3,'Fruits','Stop n Shop','2022-08-02 23:39:13.220', '2022-08-02 23:39:13.220')
INSERT into Commodity.Commodity_Master (Product_ID, Product_Category, Brand_Name ,Create_Date ,Processing_Date) 
values (4,'Fruits','Whole Foods','2022-08-02 23:39:13.220', '2022-08-02 23:39:13.220')
INSERT into Commodity.Commodity_Master (Product_ID, Product_Category, Brand_Name ,Create_Date ,Processing_Date) 
values (5,'Vegetables','Walmart','2022-08-02 23:39:13.220', '2022-08-02 23:39:13.220')
INSERT into Commodity.Commodity_Master (Product_ID, Product_Category, Brand_Name ,Create_Date ,Processing_Date) 
values (6,'Vegetables','Stop n Shop','2022-08-02 23:39:13.220', '2022-08-02 23:39:13.220')
INSERT into Commodity.Commodity_Master (Product_ID, Product_Category, Brand_Name ,Create_Date ,Processing_Date) 
values (7,'Fruits','Walmart','2022-08-02 23:39:13.220', '2022-08-02 23:39:13.220')
INSERT into Commodity.Commodity_Master (Product_ID, Product_Category, Brand_Name ,Create_Date ,Processing_Date) 
values (8,'Fruits','Trader Joes','2022-08-02 23:39:13.220', '2022-08-02 23:39:13.220')
INSERT into Commodity.Commodity_Master (Product_ID, Product_Category, Brand_Name ,Create_Date ,Processing_Date) 
values (9,'Fruits','Walmart','2022-08-03 23:39:13.220', '2022-08-03 23:39:13.220')
INSERT into Commodity.Commodity_Master (Product_ID, Product_Category, Brand_Name ,Create_Date ,Processing_Date) 
values (10,'Fruits','Stop n Shop','2022-08-03 23:39:13.220', '2022-08-03 23:39:13.220')


INSERT into Commodity.Stock_Master (Seller_ID, Product_ID, Seller_Name, Total_Stock, Available_Stock) 
values (2,2, 'William A.', 90,90)
INSERT into Commodity.Stock_Master (Seller_ID, Product_ID, Seller_Name, Total_Stock, Available_Stock) 
values (3,3, 'Harry', 110,110)
INSERT into Commodity.Stock_Master (Seller_ID, Product_ID, Seller_Name, Total_Stock, Available_Stock) 
values (4,4, 'Sarah.', 80,80)
INSERT into Commodity.Stock_Master (Seller_ID, Product_ID, Seller_Name, Total_Stock, Available_Stock) 
values (5,5, 'Jack', 70,70)
INSERT into Commodity.Stock_Master (Seller_ID, Product_ID, Seller_Name, Total_Stock, Available_Stock) 
values (6,6, 'Rosa', 150,150)
INSERT into Commodity.Stock_Master (Seller_ID, Product_ID, Seller_Name, Total_Stock, Available_Stock) 
values (7,7, 'Pedro', 90,90)
INSERT into Commodity.Stock_Master (Seller_ID, Product_ID, Seller_Name, Total_Stock, Available_Stock) 
values (8,8, 'Sarah O.', 120,120)
INSERT into Commodity.Stock_Master (Seller_ID, Product_ID, Seller_Name, Total_Stock, Available_Stock) 
values (9,9,'Jason', 85,85)
INSERT into Commodity.Stock_Master (Seller_ID, Product_ID, Seller_Name, Total_Stock, Available_Stock) 
values (10,10, 'Bill',55,55)

